{
  "skeleton": {
    "hash": "ybqXzYMxEL1bWgEUjJhlQHzPFL8",
    "spine": "3.8.79",
    "x": -566.15,
    "y": -114.4,
    "width": 1132.3,
    "height": 549.4,
    "fps": 60,
    "images": "./images/"
  },
  "bones": [
    {"name": "@root"}, {"name": "@pivot-main", "parent": "@root"}, {"name": "@pivot-center", "parent": "@pivot-main", "y": 180, "color": "54ff00ff"}, {"name": "@body", "parent": "@pivot-center", "length": 150, "rotation": 90, "y": -180},
    {"name": "@leg-front", "parent": "@pivot-center", "length": 68.99, "rotation": -141.02, "x": -38.37, "y": -138.12}, {"name": "@leg-back", "parent": "@pivot-center", "length": 101.95, "rotation": -19.11, "x": 108.89, "y": -134.95},
    {"name": "@leg-side", "parent": "@pivot-center", "length": 91.78, "rotation": -171.8, "x": -116.06, "y": -156.08}, {"name": "leg-front-child", "parent": "@leg-front", "length": 68.99, "x": 68.99},
    {"name": "leg-front-IK", "parent": "@root", "x": -145.63, "y": -44.92, "color": "ff3f00ff"}, {"name": "leg-back-IK", "parent": "@root", "x": 301.55, "y": -21.71, "color": "ff3f00ff"},
    {"name": "@leg-back-child", "parent": "@leg-back", "length": 101.95, "x": 101.95}, {"name": "leg-side-IK", "parent": "@root", "x": -297.74, "y": -2.27, "color": "ff3f00ff"},
    {"name": "@leg-side-child", "parent": "@leg-side", "length": 91.78, "x": 91.78}, {"name": "shadow", "parent": "@root"}, {"name": "@hp-bar", "parent": "@pivot-center", "y": 255}
  ],
  "slots": [
    {"name": "shadow", "bone": "shadow", "attachment": "shadow"}, {"name": "body", "bone": "@body", "attachment": "body"}, {"name": "leg-side", "bone": "@leg-side", "attachment": "leg-side"},
    {"name": "leg-front", "bone": "@leg-front", "attachment": "leg-front"}, {"name": "leg-back", "bone": "@leg-back", "attachment": "leg-back"}
  ],
  "ik": [
    {"name": "leg-back-IK", "order": 1, "bones": ["@leg-back", "@leg-back-child"], "target": "leg-back-IK", "bendPositive": false}, {"name": "leg-front-IK", "bones": ["@leg-front", "leg-front-child"], "target": "leg-front-IK"},
    {"name": "leg-side-IK", "order": 2, "bones": ["@leg-side", "@leg-side-child"], "target": "leg-side-IK"}
  ],
  "skins": [
    {
      "name": "default",
      "attachments": {
        "body": {"body": {"x": 204.5, "y": -43.5, "rotation": -90, "width": 487, "height": 461}},
        "leg-back": {
          "leg-back": {
            "type": "mesh",
            "uvs": [
              1, 0.97437, 0.93666, 1, 0.7941, 0.95989, 0.70484, 0.96609, 0.61186, 0.93092, 0.29575, 0.9723, 0.27096, 0.91644, 0.04286, 0.93299, 0, 0.83161, 0, 0.596, 0.04514, 0.28822, 0.2063, 0, 0.38109, 0, 0.43619, 0.20771, 0.51863,
              0.42185, 0.69889, 0.43013, 0.84517, 0.70323, 0.93071, 0.74254, 1, 0.8853, 0.32392, 0.1127, 0.24346, 0.12635, 0.0921, 0.36077, 0.0621, 0.63159, 0.06346, 0.83642, 0.2721, 0.7818, 0.32937, 0.86601, 0.19424, 0.48352, 0.59312,
              0.71514, 0.98072, 0.94005
            ],
            "triangles": [
              1, 28, 0, 1, 2, 28, 28, 18, 0, 2, 3, 27, 28, 2, 27, 28, 27, 16, 16, 17, 28, 28, 17, 18, 4, 27, 3, 27, 15, 16, 5, 25, 4, 5, 6, 25, 7, 23, 6, 7, 8, 23, 25, 27, 4, 6, 24, 25, 6, 23, 24, 25, 24, 27, 8, 22, 23, 23, 22, 24, 8, 9,
              22, 22, 26, 24, 24, 26, 27, 27, 26, 14, 14, 26, 20, 13, 14, 20, 20, 19, 13, 27, 14, 15, 26, 22, 21, 22, 9, 21, 9, 10, 21, 26, 21, 20, 21, 10, 20, 10, 11, 20, 19, 12, 13, 20, 11, 19, 19, 11, 12
            ],
            "vertices": [
              1, 10, 105.76, -3.62, 1, 1, 10, 92.48, -12.13, 1, 1, 10, 57.97, -17.9, 1, 2, 5, 139.78, -25.84, 0.00123, 10, 37.85, -25.81, 0.99877, 2, 5, 116.86, -28.34, 0.20964, 10, 14.93, -28.33, 0.79036, 1, 5, 46.57, -59.04, 1, 1, 5,
              38.25, -53.35, 1, 1, 5, -13.12, -73.69, 1, 1, 5, -27.73, -63.2, 1, 1, 5, -38.92, -30.92, 1, 1, 5, -43.21, 14.83, 1, 1, 5, -20.04, 67.09, 1, 1, 5, 19.93, 80.94, 1, 1, 5, 42.39, 56.84, 1, 2, 5, 71.41, 34.04, 0.94925, 10, -30.57,
              34.01, 0.05075, 2, 5, 113.07, 47.17, 0.2709, 10, 11.08, 47.18, 0.7291, 1, 10, 57.5, 21.31, 1, 1, 10, 78.93, 22.68, 1, 1, 10, 101.54, 8.59, 1, 1, 5, 12.21, 60.97, 1, 1, 5, -5.54, 52.72, 1, 1, 5, -29.03, 8.61, 1, 1, 5, -23.03,
              -30.87, 1, 1, 5, -12.99, -58.83, 1, 1, 5, 32.12, -34.81, 1, 1, 5, 49.21, -41.81, 1, 1, 5, 0.16, -0.12, 1, 2, 5, 102.35, -0.26, 0.43573, 10, 0.4, -0.26, 0.56427, 1, 10, 99.72, -0.44, 1
            ],
            "hull": 19,
            "edges": [0, 2, 2, 4, 4, 6, 6, 8, 8, 10, 10, 12, 12, 14, 14, 16, 16, 18, 18, 20, 20, 22, 22, 24, 24, 26, 26, 28, 28, 30, 30, 32, 32, 34, 34, 36, 0, 36, 52, 54, 54, 56],
            "width": 242,
            "height": 145
          }
        },
        "leg-front": {
          "leg-front": {
            "type": "mesh",
            "uvs": [
              0.67345, 0.82656, 0.65882, 0.86333, 0.3873, 0.92768, 0.20196, 1, 0.05238, 1, 0, 0.94913, 0, 0.88478, 0.11254, 0.50177, 0.19708, 0.51096, 0.19545, 0.34397, 0.4816, 0, 0.73686, 0, 1, 0.50263, 1, 0.73904, 0.92871, 0.84016,
              0.59199, 0.08846, 0.74164, 0.24314, 0.81487, 0.42849, 0.94178, 0.65365, 0.85729, 0.77012, 0.44917, 0.70937, 0.10623, 0.96994, 0.44655, 0.44209, 0.62129, 0.75252, 0.79305, 0.68346, 0.19604, 0.79514, 0.30583, 0.67037, 0.88312,
              0.53747
            ],
            "triangles": [
              4, 21, 3, 3, 21, 2, 4, 5, 21, 20, 2, 21, 25, 21, 6, 21, 5, 6, 20, 21, 25, 26, 20, 25, 6, 7, 25, 25, 8, 26, 25, 7, 8, 2, 23, 1, 2, 20, 23, 1, 23, 0, 0, 19, 14, 14, 19, 13, 0, 24, 19, 0, 23, 24, 19, 18, 13, 19, 24, 18, 24, 23,
              17, 18, 12, 13, 20, 17, 23, 20, 26, 22, 24, 27, 18, 24, 17, 27, 17, 20, 22, 26, 8, 22, 18, 27, 12, 27, 17, 12, 8, 9, 22, 22, 16, 17, 22, 15, 16, 22, 9, 15, 12, 16, 11, 9, 10, 15, 15, 11, 16, 12, 17, 16, 15, 10, 11
            ],
            "vertices": [
              2, 4, 54.93, 35.08, 0.93528, 7, -14.03, 35.09, 0.06472, 2, 4, 60.22, 38.19, 0.88004, 7, -8.75, 38.19, 0.11996, 2, 4, 97.56, 20.88, 0.05776, 7, 28.58, 20.86, 0.94224, 1, 7, 56.85, 12.47, 1, 1, 7, 73.93, -1.38, 1, 1, 7, 74.92,
              -12.39, 1, 1, 7, 68.6, -20.19, 1, 2, 4, 87.16, -56.18, 0.24802, 7, 18.12, -56.19, 0.75198, 2, 4, 78.4, -47.24, 0.41436, 7, 9.37, -47.25, 0.58564, 2, 4, 62.2, -67.64, 0.79847, 7, -6.85, -67.64, 0.20153, 2, 4, -4.26, -82.9,
              0.99957, 7, -73.31, -82.84, 0.00043, 1, 4, -33.43, -59.29, 1, 1, 4, -14.17, 25.99, 1, 1, 4, 9.03, 54.66, 1, 1, 4, 27.1, 60.33, 1, 2, 4, -8.19, -61.96, 0.9999, 7, -77.23, -61.9, 0.0001, 1, 4, -10.11, -29.37, 1, 1, 4, -0.29,
              -0.12, 1, 1, 4, 7.3, 38.93, 1, 1, 4, 28.39, 45.23, 1, 2, 4, 69.06, 0.13, 0.48383, 7, 0.07, 0.13, 0.51617, 1, 7, 64.83, -0.04, 1, 2, 4, 43.13, -32.53, 0.92086, 7, -25.88, -32.51, 0.07914, 2, 4, 53.63, 21.28, 0.96161, 7, -15.34,
              21.29, 0.03839, 1, 4, 27.22, 28.79, 1, 2, 4, 106.41, -12.88, 0.00302, 7, 37.4, -12.91, 0.99698, 2, 4, 81.62, -17.86, 0.1668, 7, 12.61, -17.87, 0.8332, 1, 4, 2.61, 19.41, 1
            ],
            "hull": 15,
            "edges": [0, 2, 2, 4, 4, 6, 6, 8, 8, 10, 10, 12, 12, 14, 14, 16, 16, 18, 18, 20, 20, 22, 22, 24, 24, 26, 26, 28, 0, 28, 34, 40, 40, 42, 46, 48, 48, 54],
            "width": 147,
            "height": 156
          }
        },
        "leg-side": {
          "leg-side": {
            "type": "mesh",
            "uvs": [
              1, 0.92841, 0.73411, 0.88357, 0.52043, 1, 0.42344, 1, 0.25371, 0.92094, 0.04912, 0.94835, 0, 0.88606, 0, 0.73657, 0.05367, 0.63691, 0.16581, 0.36035, 0.33706, 0.46499, 0.44163, 0.09874, 0.50982, 0, 0.68107, 0, 0.94779,
              0.37031, 1, 0.35785, 0.97368, 0.66087, 0.50583, 0.77517, 0.04956, 0.87757, 0.85201, 0.56085, 0.74627, 0.65134, 0.66226, 0.50846, 0.6695, 0.27509, 0.50727, 0.33462, 0.54349, 0.61086, 0.33636, 0.67754, 0.31463, 0.75612, 0.18572,
              0.54894, 0.12199, 0.71802, 0.13792, 0.61086, 0.65502, 0.82518, 0.85345, 0.82756, 0.96499, 0.79899, 0.96499, 0.51322
            ],
            "triangles": [
              3, 17, 2, 3, 4, 17, 5, 18, 4, 5, 6, 18, 4, 18, 17, 6, 7, 18, 18, 26, 17, 26, 25, 17, 18, 28, 26, 28, 27, 26, 28, 29, 27, 28, 7, 8, 28, 18, 7, 17, 25, 24, 26, 27, 25, 28, 8, 29, 25, 10, 24, 25, 27, 10, 29, 8, 9, 29, 9, 27, 27,
              9, 10, 2, 30, 1, 2, 17, 30, 1, 31, 0, 31, 32, 0, 32, 16, 0, 16, 15, 0, 1, 30, 31, 32, 31, 16, 16, 31, 30, 16, 30, 17, 17, 20, 16, 20, 19, 16, 20, 24, 21, 20, 17, 24, 19, 33, 16, 16, 33, 15, 20, 21, 19, 10, 23, 24, 24, 23, 21,
              33, 19, 14, 14, 19, 22, 33, 14, 15, 19, 21, 22, 21, 23, 22, 23, 10, 11, 14, 22, 13, 23, 12, 22, 23, 11, 12, 22, 12, 13
            ],
            "vertices": [
              1, 6, -0.52, 31.88, 1, 1, 6, 49.78, 19.28, 1, 2, 6, 92.77, 26.96, 0.45676, 12, 0.99, 26.96, 0.54324, 2, 6, 111.39, 24.28, 0.06258, 12, 19.62, 24.28, 0.93742, 1, 12, 50.88, 10.34, 1, 1, 12, 90.62, 7.88, 1, 1, 12, 99, -0.75, 1,
              1, 12, 96.49, -18.21, 1, 1, 12, 84.5, -28.37, 1, 2, 6, 150.09, -57.56, 0.00054, 12, 58.31, -57.56, 0.99946, 2, 6, 118.97, -40.6, 0.18132, 12, 27.19, -40.6, 0.81868, 2, 6, 92.72, -80.48, 0.76866, 12, 0.95, -80.48, 0.23134, 2,
              6, 77.97, -90.12, 0.8323, 12, -13.81, -90.12, 0.1677, 2, 6, 45.08, -85.38, 0.92407, 12, -46.69, -85.38, 0.07593, 1, 6, 0.11, -34.75, 1, 1, 6, -10.13, -34.76, 1, 1, 6, 0.03, -0.1, 1, 2, 6, 91.79, 0.3, 0.49595, 12, 0.01, 0.3,
              0.50405, 1, 12, 89.34, -0.37, 1, 1, 6, 21.71, -15.15, 1, 1, 6, 43.53, -7.51, 1, 2, 6, 57.26, -26.52, 0.96757, 12, -34.52, -26.52, 0.03243, 2, 6, 51.94, -53.58, 0.93637, 12, -39.84, -53.58, 0.06363, 2, 6, 84.09, -51.11,
              0.71663, 12, -7.69, -51.11, 0.28337, 2, 6, 81.79, -17.85, 0.79964, 12, -9.99, -17.85, 0.20036, 2, 6, 122.68, -15.8, 0.02404, 12, 30.91, -15.8, 0.97596, 2, 6, 128.18, -7.22, 0.00147, 12, 36.4, -7.22, 0.99853, 2, 6, 149.44,
              -34.98, 0.00215, 12, 57.67, -34.98, 0.99785, 1, 12, 72.75, -17, 1, 1, 12, 67.89, -29.08, 1, 2, 6, 63.98, 10.27, 0.99882, 12, -27.79, 10.27, 0.00118, 1, 6, 25.92, 16.04, 1, 1, 6, 4.02, 15.79, 1, 1, 6, -0.79, -17.58, 1
            ],
            "hull": 16,
            "edges": [0, 2, 2, 4, 4, 6, 6, 8, 8, 10, 10, 12, 12, 14, 14, 16, 16, 18, 18, 20, 20, 22, 22, 24, 24, 26, 26, 28, 28, 30, 0, 30, 32, 34, 34, 36],
            "width": 194,
            "height": 118
          }
        },
        "shadow": {"shadow": {"scaleX": 1.3, "scaleY": 1.3, "width": 871, "height": 176}}
      }
    }
  ],
  "events": {"hit": {}, "hit-buff": {}, "jump": {}, "start-attack": {}},
  "animations": {
    "attack/ranged/cast-high": {
      "bones": {
        "@pivot-main": {
          "rotate": [
            {"curve": 0, "c2": 0.3, "c3": 0.54}, {"time": 0.1667, "angle": 8.48, "curve": "stepped"}, {"time": 0.1833, "angle": 22.63}, {"time": 0.3833, "angle": 25.36, "curve": 0.464, "c4": 0.7},
            {"time": 0.5167, "angle": 5.22, "curve": 0.342, "c3": 0.67}, {"time": 0.6667}
          ],
          "translate": [
            {"curve": 0, "c2": 0.3, "c3": 0.54}, {"time": 0.1667, "x": 22.71, "curve": "stepped"}, {"time": 0.1833, "x": -20.96, "y": 27.95}, {"time": 0.3833, "x": -31.45, "y": 35.12, "curve": 0.464, "c4": 0.7},
            {"time": 0.5167, "x": -20.96, "y": -12.23, "curve": 0.342, "c3": 0.67}, {"time": 0.6667}
          ],
          "scale": [
            {"curve": 0, "c2": 0.3, "c3": 0.54}, {"time": 0.1667, "x": 1.035, "y": 0.856, "curve": "stepped"}, {"time": 0.1833, "x": 0.97, "y": 1.051}, {"time": 0.3833, "x": 0.943, "y": 1.121, "curve": 0.464, "c4": 0.7},
            {"time": 0.5167, "x": 1.076, "y": 0.858, "curve": 0.342, "c3": 0.67}, {"time": 0.6667}
          ]
        },
        "shadow": {
          "scale": [
            {"curve": 0, "c2": 0.3, "c3": 0.54}, {"time": 0.1667, "x": 1.06, "y": 1.06, "curve": "stepped"}, {"time": 0.1833, "x": 0.92, "y": 0.92}, {"time": 0.3833, "x": 0.88, "y": 0.88, "curve": 0.464, "c4": 0.7},
            {"time": 0.5167, "x": 1.06, "y": 1.06, "curve": 0.342, "c3": 0.67}, {"time": 0.6667}
          ]
        }
      },
      "events": [{"time": 0.1833, "name": "start-attack"}]
    },
    "battle/get-buff": {
      "bones": {
        "@pivot-main": {
          "rotate": [
            {"curve": 0, "c2": 0.3, "c3": 0.54}, {"time": 0.0833, "angle": 8.48, "curve": 0, "c2": 0.2, "c3": 0.694}, {"time": 0.1667, "angle": -9.86}, {"time": 0.4167, "angle": -12.29, "curve": 0.306, "c4": 0.8},
            {"time": 0.55, "angle": 5.22, "curve": 0.342, "c3": 0.67}, {"time": 0.6667}
          ],
          "translate": [
            {"curve": 0, "c2": 0.3, "c3": 0.54}, {"time": 0.0833, "x": 22.71, "curve": 0, "c2": 0.2, "c3": 0.694}, {"time": 0.1667, "x": -52.73, "y": 32.95}, {"time": 0.4167, "x": -61.52, "y": 32.95, "curve": 0.306, "c4": 0.8},
            {"time": 0.55, "x": -20.96, "y": -12.23, "curve": 0.342, "c3": 0.67}, {"time": 0.6667}
          ],
          "scale": [
            {"curve": 0, "c2": 0.3, "c3": 0.54}, {"time": 0.0833, "x": 1.035, "y": 0.856, "curve": 0, "c2": 0.2, "c3": 0.694}, {"time": 0.1667, "y": 1.069}, {"time": 0.4167, "x": 0.995, "y": 1.082, "curve": 0.306, "c4": 0.8},
            {"time": 0.55, "x": 1.076, "y": 0.858, "curve": 0.342, "c3": 0.67}, {"time": 0.6667}
          ]
        },
        "shadow": {
          "scale": [
            {"curve": 0, "c2": 0.3, "c3": 0.54}, {"time": 0.0833, "x": 1.06, "y": 1.06, "curve": 0, "c2": 0.2, "c3": 0.694}, {"time": 0.1667}, {"time": 0.4167, "x": 0.92, "y": 0.92, "curve": 0.306, "c4": 0.8},
            {"time": 0.55, "x": 1.06, "y": 1.06, "curve": 0.342, "c3": 0.67}, {"time": 0.6667}
          ]
        }
      },
      "events": [{"time": 0.1667, "name": "hit-buff"}]
    },
    "battle/get-debuff": {
      "bones": {
        "@pivot-main": {
          "rotate": [
            {"curve": 0, "c2": 0.3, "c3": 0.54}, {"time": 0.1667, "angle": 11.1, "curve": 0.342, "c3": 0.67}, {"time": 0.25, "angle": 7.96, "curve": 0.342, "c3": 0.67}, {"time": 0.3333, "angle": 11.1, "curve": 0.342, "c3": 0.67},
            {"time": 0.4167, "angle": 7.96, "curve": 0.342, "c3": 0.67}, {"time": 0.5, "angle": 11.76, "curve": 0.342, "c3": 0.67}, {"time": 0.6667}
          ],
          "translate": [{"curve": 0, "c2": 0.3, "c3": 0.54}, {"time": 0.1667, "x": 22.71, "y": 3.68}, {"time": 0.5, "x": 24.92, "y": 3.68, "curve": 0.342, "c3": 0.67}, {"time": 0.6667}],
          "scale": [{"curve": 0, "c2": 0.3, "c3": 0.54}, {"time": 0.1667, "x": 1.035, "y": 0.856}, {"time": 0.5, "x": 1.045, "y": 0.84, "curve": 0.342, "c3": 0.67}, {"time": 0.6667}]
        },
        "shadow": {"scale": [{"curve": 0, "c2": 0.2, "c3": 0.694}, {"time": 0.1667, "x": 1.04, "y": 1.04}, {"time": 0.5, "x": 1.06, "y": 1.06, "curve": 0.342, "c3": 0.67}, {"time": 0.6667}]},
        "leg-side-IK": {"translate": [{"curve": 0, "c2": 0.2, "c3": 0.694}, {"time": 0.1667, "x": 23.69}, {"time": 0.5, "x": 32.42, "curve": 0.342, "c3": 0.67}, {"time": 0.6667}]},
        "leg-front-IK": {"translate": [{"curve": 0, "c2": 0.2, "c3": 0.694}, {"time": 0.1667, "x": 12.77}, {"time": 0.5, "x": 19.15, "curve": 0.342, "c3": 0.67}, {"time": 0.6667}]}
      },
      "events": [{"time": 0.1667, "name": "hit-buff"}]
    },
    "defense/hit-by-normal": {
      "bones": {
        "@pivot-main": {
          "rotate": [{"curve": "stepped"}, {"time": 0.0167, "angle": -15}, {"time": 0.1333, "angle": -14.05, "curve": 0.306, "c4": 0.8}, {"time": 0.2667, "angle": 5.59, "curve": 0, "c2": 0.2, "c3": 0.694}, {"time": 0.4}],
          "translate": [
            {"curve": "stepped"}, {"time": 0.0167, "x": 45.62, "y": -25}, {"time": 0.1333, "x": 43.37, "y": -25, "curve": 0.306, "c4": 0.8}, {"time": 0.2667, "x": -6.9, "y": -10, "curve": 0, "c2": 0.2, "c3": 0.694}, {"time": 0.4}
          ]
        },
        "@body": {"scale": [{"curve": "stepped"}, {"time": 0.0167, "x": 1.3}, {"time": 0.1333, "x": 1.35, "curve": 0.306, "c4": 0.8}, {"time": 0.2667, "x": 0.85, "curve": 0, "c2": 0.2, "c3": 0.694}, {"time": 0.4}]},
        "@pivot-center": {
          "rotate": [{"curve": "stepped"}, {"time": 0.0167, "angle": -8.06}, {"time": 0.1333, "angle": -12, "curve": 0.306, "c4": 0.8}, {"time": 0.2667, "angle": 3, "curve": 0, "c2": 0.2, "c3": 0.694}, {"time": 0.4}],
          "translate": [{"curve": "stepped"}, {"time": 0.0167, "y": 13.69}, {"time": 0.1333, "y": 29.39, "curve": 0.306, "c4": 0.8}, {"time": 0.2667, "x": -10, "curve": 0, "c2": 0.2, "c3": 0.694}, {"time": 0.4}]
        },
        "leg-front-IK": {"translate": [{"curve": "stepped"}, {"time": 0.0167, "x": 38.59, "y": 135.07}, {"time": 0.1333, "x": 28.94, "y": 172.46, "curve": 0.306, "c4": 0.8}, {"time": 0.2667}]},
        "leg-side-IK": {"translate": [{"curve": "stepped"}, {"time": 0.0167, "x": 84.42, "y": 33.77}, {"time": 0.1333, "x": 73.57, "y": 78.39, "curve": 0.306, "c4": 0.8}, {"time": 0.2667}]},
        "shadow": {
          "translate": [{}, {"time": 0.0167, "x": 69.92, "curve": "stepped"}, {"time": 0.1333, "x": 69.92, "curve": 0.306, "c4": 0.8}, {"time": 0.2667}],
          "scale": [{"time": 0.1333, "curve": 0.306, "c4": 0.8}, {"time": 0.2667, "x": 1.04, "y": 1.04, "curve": 0, "c2": 0.2, "c3": 0.694}, {"time": 0.4}]
        }
      }
    },
    "defense/hit-die": {
      "slots": {
        "body": {"color": [{"time": 0.0167, "color": "ffffffff", "curve": 0, "c2": 0.2, "c3": 0.694}, {"time": 0.25, "color": "ffffff00"}]},
        "leg-back": {"color": [{"time": 0.0167, "color": "ffffffff", "curve": 0, "c2": 0.2, "c3": 0.694}, {"time": 0.25, "color": "ffffff00"}]},
        "leg-front": {"color": [{"time": 0.0167, "color": "ffffffff", "curve": 0, "c2": 0.2, "c3": 0.694}, {"time": 0.25, "color": "ffffff00"}]},
        "leg-side": {"color": [{"time": 0.0167, "color": "ffffffff", "curve": 0, "c2": 0.2, "c3": 0.694}, {"time": 0.25, "color": "ffffff00"}]},
        "shadow": {"color": [{"time": 0.0167, "color": "ffffffff", "curve": 0, "c2": 0.2, "c3": 0.694}, {"time": 0.25, "color": "ffffff00"}]}
      },
      "bones": {
        "@pivot-main": {
          "rotate": [{"curve": "stepped"}, {"time": 0.0167, "angle": -15}, {"time": 0.1333, "angle": -14.05}], "translate": [{"curve": "stepped"}, {"time": 0.0167, "x": 45.62, "y": -25}, {"time": 0.1333, "x": 43.37, "y": -25}]
        },
        "@body": {"scale": [{"curve": "stepped"}, {"time": 0.0167, "x": 1.3}, {"time": 0.1333, "x": 1.35}]},
        "@pivot-center": {"rotate": [{"curve": "stepped"}, {"time": 0.0167, "angle": -8.06}, {"time": 0.1333, "angle": -12}], "translate": [{"curve": "stepped"}, {"time": 0.0167, "y": 13.69}, {"time": 0.1333, "y": 29.39}]},
        "leg-front-IK": {"translate": [{"curve": "stepped"}, {"time": 0.0167, "x": 38.59, "y": 135.07}, {"time": 0.1333, "x": 28.94, "y": 172.46}]},
        "leg-side-IK": {"translate": [{"curve": "stepped"}, {"time": 0.0167, "x": 84.42, "y": 33.77}, {"time": 0.1333, "x": 73.57, "y": 78.39}]},
        "shadow": {"translate": [{}, {"time": 0.0167, "x": 69.92}]}
      }
    },
    "action/move-back": {
      "bones": {
        "leg-back-IK": {
          "translate": [
            {"time": 0.0833, "curve": 0.306, "c3": 0.695}, {"time": 0.2167, "x": -42.41, "curve": 0.306, "c3": 0.695}, {"time": 0.35, "curve": 0.306, "c3": 0.695}, {"time": 0.4833, "x": -42.41, "curve": 0.306, "c3": 0.695}, {"time": 0.5833}
          ]
        },
        "leg-side-IK": {
          "translate": [
            {"curve": 0, "c2": 0.2, "c3": 0.694}, {"time": 0.0833, "x": 47.3, "curve": 0.306, "c3": 0.695}, {"time": 0.2, "curve": 0.306, "c3": 0.695}, {"time": 0.3333, "x": 47.3, "curve": 0.306, "c3": 0.695},
            {"time": 0.4667, "curve": 0.306, "c3": 0.695}, {"time": 0.5833, "x": 47.3, "curve": 0, "c2": 0.2, "c3": 0.694}, {"time": 0.6667}
          ]
        },
        "leg-front-IK": {
          "translate": [
            {"curve": 0, "c2": 0.2, "c3": 0.694}, {"time": 0.0833, "x": 23.65, "curve": 0.306, "c3": 0.695}, {"time": 0.1833, "curve": 0.306, "c3": 0.695}, {"time": 0.3167, "x": 47.3, "curve": 0.306, "c3": 0.695},
            {"time": 0.45, "curve": 0.306, "c3": 0.695}, {"time": 0.5833, "x": 47.3, "curve": 0, "c2": 0.2, "c3": 0.694}, {"time": 0.6667}
          ]
        },
        "shadow": {
          "scale": [
            {"curve": 0.509, "c3": 0.507}, {"time": 0.1667, "x": 1.04, "y": 1.04, "curve": 0.509, "c3": 0.507}, {"time": 0.3333, "curve": 0.509, "c3": 0.507}, {"time": 0.5, "x": 1.04, "y": 1.04, "curve": 0.509, "c3": 0.507},
            {"time": 0.6667}
          ]
        },
        "@pivot-main": {
          "rotate": [
            {"curve": 0, "c2": 0.2, "c3": 0.694}, {"time": 0.0833, "angle": -5.62, "curve": 0.306, "c3": 0.695}, {"time": 0.25, "angle": 5.63, "curve": 0.306, "c3": 0.695}, {"time": 0.4167, "angle": -5.62, "curve": 0.306, "c3": 0.695},
            {"time": 0.5833, "angle": 5.63, "curve": 0, "c2": 0.2, "c3": 0.694}, {"time": 0.6667}
          ],
          "translate": [{"curve": 0.509, "c3": 0.507}, {"time": 0.1667, "y": -10.21, "curve": 0.509, "c3": 0.507}, {"time": 0.3333, "curve": 0.509, "c3": 0.507}, {"time": 0.5, "y": -10.21, "curve": 0.509, "c3": 0.507}, {"time": 0.6667}],
          "scale": [{"curve": 0.342, "c3": 0.67}, {"time": 0.1667, "y": 0.88, "curve": 0.342, "c3": 0.67}, {"time": 0.3333, "curve": 0.342, "c3": 0.67}, {"time": 0.5, "y": 0.88, "curve": 0.342, "c3": 0.67}, {"time": 0.6667}]
        }
      },
      "events": [{"time": 0.1667, "name": "jump"}]
    },
    "action/move-forward": {
      "bones": {
        "leg-side-IK": {
          "translate": [
            {"curve": 0, "c2": 0.2, "c3": 0.694}, {"time": 0.0833, "x": 47.3, "curve": 0.306, "c3": 0.695}, {"time": 0.2, "curve": 0.306, "c3": 0.695}, {"time": 0.3333, "x": 47.3, "curve": 0.306, "c3": 0.695},
            {"time": 0.4667, "curve": 0.306, "c3": 0.695}, {"time": 0.5833, "x": 47.3, "curve": 0, "c2": 0.2, "c3": 0.694}, {"time": 0.6667}
          ]
        },
        "leg-front-IK": {
          "translate": [
            {"curve": 0, "c2": 0.2, "c3": 0.694}, {"time": 0.0833, "x": 23.65, "curve": 0.306, "c3": 0.695}, {"time": 0.1833, "curve": 0.306, "c3": 0.695}, {"time": 0.3167, "x": 47.3, "curve": 0.306, "c3": 0.695},
            {"time": 0.45, "curve": 0.306, "c3": 0.695}, {"time": 0.5833, "x": 47.3, "curve": 0, "c2": 0.2, "c3": 0.694}, {"time": 0.6667}
          ]
        },
        "leg-back-IK": {
          "translate": [
            {"time": 0.0833, "curve": 0.306, "c3": 0.695}, {"time": 0.2167, "x": -42.41, "curve": 0.306, "c3": 0.695}, {"time": 0.35, "curve": 0.306, "c3": 0.695}, {"time": 0.4833, "x": -42.41, "curve": 0.306, "c3": 0.695}, {"time": 0.5833}
          ]
        },
        "@pivot-main": {
          "rotate": [
            {"curve": 0, "c2": 0.2, "c3": 0.694}, {"time": 0.0833, "angle": 5, "curve": 0.306, "c3": 0.695}, {"time": 0.25, "angle": -5, "curve": 0.306, "c3": 0.695}, {"time": 0.4167, "angle": 5, "curve": 0.306, "c3": 0.695},
            {"time": 0.5833, "angle": -5, "curve": 0, "c2": 0.2, "c3": 0.694}, {"time": 0.6667}
          ],
          "translate": [{"curve": 0.509, "c3": 0.507}, {"time": 0.1667, "y": -10.21, "curve": 0.509, "c3": 0.507}, {"time": 0.3333, "curve": 0.509, "c3": 0.507}, {"time": 0.5, "y": -10.21, "curve": 0.509, "c3": 0.507}, {"time": 0.6667}],
          "scale": [{"curve": 0.342, "c3": 0.67}, {"time": 0.1667, "y": 0.88, "curve": 0.342, "c3": 0.67}, {"time": 0.3333, "curve": 0.342, "c3": 0.67}, {"time": 0.5, "y": 0.88, "curve": 0.342, "c3": 0.67}, {"time": 0.6667}]
        },
        "shadow": {
          "scale": [
            {"curve": 0.509, "c3": 0.507}, {"time": 0.1667, "x": 1.04, "y": 1.04, "curve": 0.509, "c3": 0.507}, {"time": 0.3333, "curve": 0.509, "c3": 0.507}, {"time": 0.5, "x": 1.04, "y": 1.04, "curve": 0.509, "c3": 0.507},
            {"time": 0.6667}
          ]
        }
      },
      "events": [{"time": 0.1667, "name": "jump"}]
    },
    "action/idle/normal": {
      "bones": {
        "@body": {
          "rotate": [{"curve": 0.306, "c3": 0.695}, {"time": 0.5, "angle": 4, "curve": 0.306, "c3": 0.695}, {"time": 1.1667, "angle": -2, "curve": 0.306, "c4": 0.8}, {"time": 1.6667}],
          "scale": [{"curve": 0.462, "c3": 0.543}, {"time": 0.4167, "x": 0.94, "curve": 0.462, "c3": 0.543}, {"time": 0.8333, "curve": 0.462, "c3": 0.543}, {"time": 1.25, "x": 0.94, "curve": 0.462, "c3": 0.543}, {"time": 1.6667}]
        },
        "@pivot-center": {"rotate": [{"curve": 0, "c2": 0.2, "c3": 0.694}, {"time": 0.5, "angle": 3, "curve": 0.306, "c3": 0.695}, {"time": 1.1667, "angle": -3, "curve": 0.306, "c4": 0.8}, {"time": 1.6667}]},
        "leg-side-IK": {"translate": [{"time": 0.5, "curve": 0.306, "c3": 0.695}, {"time": 1.1667, "x": -5.35, "curve": 0.464, "c4": 0.7}, {"time": 1.6667}]},
        "leg-back-IK": {"translate": [{"curve": 0, "c2": 0.3, "c3": 0.54}, {"time": 0.5, "x": 3.6, "curve": 0.306, "c3": 0.695}, {"time": 1.1667}]},
        "leg-front-IK": {"translate": [{"time": 0.5, "curve": 0.306, "c3": 0.695}, {"time": 1.1667, "x": -3.56, "curve": 0, "c2": 0.39, "c3": 0.387}, {"time": 1.6667}]},
        "shadow": {
          "scale": [
            {"curve": 0.462, "c3": 0.543}, {"time": 0.4167, "x": 1.04, "y": 1.04, "curve": 0.462, "c3": 0.543}, {"time": 0.8333, "curve": 0.462, "c3": 0.543}, {"time": 1.25, "x": 1.04, "y": 1.04, "curve": 0.462, "c3": 0.543},
            {"time": 1.6667}
          ]
        }
      }
    },
    "attack/melee/normal-attack": {
      "bones": {
        "@pivot-main": {
          "rotate": [
            {"curve": 0, "c2": 0.3, "c3": 0.54}, {"time": 0.1667, "angle": 10.52, "curve": "stepped"}, {"time": 0.1833, "angle": 34.27}, {"time": 0.3, "angle": 35.46, "curve": 0.617, "c4": 0.6},
            {"time": 0.4667, "angle": 5.22, "curve": 0.342, "c3": 0.67}, {"time": 0.5833}
          ],
          "translate": [
            {"curve": 0, "c2": 0.3, "c3": 0.54}, {"time": 0.1667, "x": 36.92, "curve": "stepped"}, {"time": 0.1833, "x": -65.71, "y": 61.96}, {"time": 0.3, "x": -76.92, "y": 67.33, "curve": 0.617, "c4": 0.6},
            {"time": 0.4667, "x": -20.96, "y": -12.23, "curve": 0.342, "c3": 0.67}, {"time": 0.5833}
          ],
          "scale": [
            {"curve": 0, "c2": 0.3, "c3": 0.54}, {"time": 0.1667, "x": 1.035, "y": 0.856, "curve": "stepped"}, {"time": 0.1833, "x": 0.97, "y": 1.051}, {"time": 0.3, "x": 0.967, "y": 1.06, "curve": 0.617, "c4": 0.6},
            {"time": 0.4667, "x": 1.076, "y": 0.858, "curve": 0.342, "c3": 0.67}, {"time": 0.5833}
          ]
        },
        "shadow": {
          "scale": [
            {"curve": 0, "c2": 0.3, "c3": 0.54}, {"time": 0.1667, "x": 1.06, "y": 1.06, "curve": "stepped"}, {"time": 0.1833, "x": 0.92, "y": 0.92}, {"time": 0.3, "x": 0.88, "y": 0.88, "curve": 0.617, "c4": 0.6},
            {"time": 0.4667, "x": 1.06, "y": 1.06, "curve": 0.342, "c3": 0.67}, {"time": 0.5833}
          ]
        },
        "leg-back-IK": {
          "translate": [
            {"time": 0.1667, "curve": "stepped"}, {"time": 0.1833, "x": -131.77, "y": 218.4, "curve": 0, "c2": 0.2, "c3": 0.694}, {"time": 0.3, "x": -166.74, "y": 249.29, "curve": 0.774, "c4": 0.4},
            {"time": 0.4667, "x": -66.79, "y": 5.41, "curve": 0, "c2": 0.2, "c3": 0.694}, {"time": 0.5833}
          ]
        }
      },
      "events": [{"time": 0.1833, "name": "hit"}]
    }
  }
}