{
  "version": 2,
  "items": {
    "colors": [
      {"index": 0, "key": "beast-00", "skin": 0, "class": "beast", "color_value": 0, "primary1": "fdfcf2", "shaded1": "ddd6ae", "primary2": "af8c56", "shaded2": "7d542c", "line": "fa9000", "partColorShift": "0000000"},
      {"index": 1, "key": "beast-01", "skin": 0, "class": "beast", "color_value": 1, "primary1": "544f44", "shaded1": "3f392f", "primary2": "edd8b8", "shaded2": "c19872", "line": "6b4f24", "partColorShift": "0000000"},
      {"index": 2, "key": "beast-02", "skin": 0, "class": "beast", "color_value": 2, "primary1": "ffd500", "shaded1": "f8a500", "primary2": "fffeda", "shaded2": "f3d459", "line": "fa9000", "partColorShift": "0000000"},
      {"index": 3, "key": "beast-03", "skin": 0, "class": "beast", "color_value": 3, "primary1": "fdb014", "shaded1": "eb7e00", "primary2": "fef0a3", "shaded2": "f0bb53", "line": "ff8000", "partColorShift": "0000000"},
      {"index": 4, "key": "beast-04", "skin": 0, "class": "beast", "color_value": 4, "primary1": "f5a037", "shaded1": "d98035", "primary2": "fde5b6", "shaded2": "ecb686", "line": "ff8000", "partColorShift": "0000000"},
      {"index": 5, "key": "beast-06", "skin": 0, "class": "beast", "color_value": 6, "primary1": "427cad", "shaded1": "1362a2", "primary2": "ffcd63", "shaded2": "dd9200", "line": "0063af", "partColorShift": "0000000"},
      {"index": 6, "key": "plant-00", "skin": 0, "class": "plant", "color_value": 0, "primary1": "fefdf1", "shaded1": "d2d9b3", "primary2": "98984a", "shaded2": "606718", "line": "a0be00", "partColorShift": "0000000"},
      {"index": 7, "key": "plant-01", "skin": 0, "class": "plant", "color_value": 1, "primary1": "4e523e", "shaded1": "414630", "primary2": "efe5a7", "shaded2": "b0a657", "line": "415800", "partColorShift": "0000000"},
      {"index": 8, "key": "plant-02", "skin": 0, "class": "plant", "color_value": 2, "primary1": "afdb1b", "shaded1": "75ba00", "primary2": "e3efdb", "shaded2": "aebd44", "line": "70ce00", "partColorShift": "0000000"},
      {"index": 9, "key": "plant-03", "skin": 0, "class": "plant", "color_value": 3, "primary1": "decd00", "shaded1": "a89b00", "primary2": "f3eaba", "shaded2": "c3b641", "line": "aab900", "partColorShift": "0000000"},
      {"index": 10, "key": "plant-04", "skin": 0, "class": "plant", "color_value": 4, "primary1": "99ff73", "shaded1": "6ada00", "primary2": "fbfdf1", "shaded2": "b1e180", "line": "10dd00", "partColorShift": "0000000"},
      {"index": 11, "key": "aquatic-00", "skin": 0, "class": "aquatic", "color_value": 0, "primary1": "f4fff4", "shaded1": "b5e1cc", "primary2": "3ca1d9", "shaded2": "1170aa", "line": "00bbff", "partColorShift": "0000000"},
      {"index": 12, "key": "aquatic-01", "skin": 0, "class": "aquatic", "color_value": 1, "primary1": "4d545e", "shaded1": "3d434b", "primary2": "a9ead5", "shaded2": "44b2b2", "line": "395089", "partColorShift": "0000000"},
      {"index": 13, "key": "aquatic-02", "skin": 0, "class": "aquatic", "color_value": 2, "primary1": "00f1d2", "shaded1": "00c6cc", "primary2": "befedb", "shaded2": "4ddcc6", "line": "00d4f0", "partColorShift": "0000000"},
      {"index": 14, "key": "aquatic-03", "skin": 0, "class": "aquatic", "color_value": 3, "primary1": "00dff3", "shaded1": "00add6", "primary2": "bffef4", "shaded2": "59d7da", "line": "00d4f0", "partColorShift": "0000000"},
      {"index": 15, "key": "aquatic-04", "skin": 0, "class": "aquatic", "color_value": 4, "primary1": "00b8ff", "shaded1": "008de7", "primary2": "c9eeff", "shaded2": "00cef7", "line": "00bbff", "partColorShift": "0000000"},
      {"index": 16, "key": "aquatic-06", "skin": 0, "class": "aquatic", "color_value": 6, "primary1": "e12f64", "shaded1": "bc0056", "primary2": "62ffe2", "shaded2": "00c2c7", "line": "e50060", "partColorShift": "0000000"},
      {"index": 17, "key": "bug-00", "skin": 0, "class": "bug", "color_value": 0, "primary1": "fffaf5", "shaded1": "efccbb", "primary2": "e22737", "shaded2": "970940", "line": "de0000", "partColorShift": "0000000"},
      {"index": 18, "key": "bug-01", "skin": 0, "class": "bug", "color_value": 1, "primary1": "553b39", "shaded1": "432e30", "primary2": "ffe7e2", "shaded2": "ff9e94", "line": "6f241e", "partColorShift": "0000000"},
      {"index": 19, "key": "bug-02", "skin": 0, "class": "bug", "color_value": 2, "primary1": "ff606c", "shaded1": "f2213e", "primary2": "fff4f9", "shaded2": "ffa9af", "line": "de0000", "partColorShift": "0000000"},
      {"index": 20, "key": "bug-03", "skin": 0, "class": "bug", "color_value": 3, "primary1": "ff433e", "shaded1": "dc1244", "primary2": "ffdcce", "shaded2": "ffa587", "line": "de0000", "partColorShift": "0000000"},
      {"index": 21, "key": "bug-04", "skin": 0, "class": "bug", "color_value": 4, "primary1": "df2e54", "shaded1": "b4154f", "primary2": "ffd8d6", "shaded2": "ff9f96", "line": "de0000", "partColorShift": "0000000"},
      {"index": 22, "key": "bird-00", "skin": 0, "class": "bird", "color_value": 0, "primary1": "fff7ff", "shaded1": "f6c1e3", "primary2": "fa59a0", "shaded2": "cc2e6f", "line": "e40086", "partColorShift": "0000000"},
      {"index": 23, "key": "bird-01", "skin": 0, "class": "bird", "color_value": 1, "primary1": "583c44", "shaded1": "4a303a", "primary2": "fec3dd", "shaded2": "e37aa5", "line": "6d2d5e", "partColorShift": "0000000"},
      {"index": 24, "key": "bird-02", "skin": 0, "class": "bird", "color_value": 2, "primary1": "ff99b0", "shaded1": "f6749d", "primary2": "ffd8f3", "shaded2": "f89dcc", "line": "e40086", "partColorShift": "0000000"},
      {"index": 25, "key": "bird-03", "skin": 0, "class": "bird", "color_value": 3, "primary1": "ffafc1", "shaded1": "f78299", "primary2": "ffe0e7", "shaded2": "ffa5b3", "line": "e40086", "partColorShift": "0000000"},
      {"index": 26, "key": "bird-04", "skin": 0, "class": "bird", "color_value": 4, "primary1": "ff78b4", "shaded1": "f358a1", "primary2": "ffedff", "shaded2": "ffb0e1", "line": "e40086", "partColorShift": "0000000"},
      {"index": 27, "key": "reptile-00", "skin": 0, "class": "reptile", "color_value": 0, "primary1": "fff7ff", "shaded1": "e2c8ef", "primary2": "bb68ce", "shaded2": "834296", "line": "9f00ef", "partColorShift": "0000000"},
      {"index": 28, "key": "reptile-01", "skin": 0, "class": "reptile", "color_value": 1, "primary1": "5e436d", "shaded1": "533759", "primary2": "f4cdfe", "shaded2": "d38ed3", "line": "733ba0", "partColorShift": "0000000"},
      {"index": 29, "key": "reptile-02", "skin": 0, "class": "reptile", "color_value": 2, "primary1": "c569cf", "shaded1": "a754b4", "primary2": "ffd2fe", "shaded2": "f78ee2", "line": "d900d0", "partColorShift": "0000000"},
      {"index": 30, "key": "reptile-03", "skin": 0, "class": "reptile", "color_value": 3, "primary1": "9967fb", "shaded1": "7d4ce7", "primary2": "dac3ff", "shaded2": "a988ff", "line": "8d24ff", "partColorShift": "0000000"},
      {"index": 31, "key": "reptile-04", "skin": 0, "class": "reptile", "color_value": 4, "primary1": "f8bbff", "shaded1": "e28ddd", "primary2": "fff1fe", "shaded2": "fbaee9", "line": "e90fe7", "partColorShift": "0000000"},
      {"index": 32, "key": "reptile-06", "skin": 0, "class": "reptile", "color_value": 6, "primary1": "00c15f", "shaded1": "009291", "primary2": "f4aaff", "shaded2": "c56fff", "line": "008cd1", "partColorShift": "0000000"},
      {"index": 33, "key": "dawn-00", "skin": 0, "class": "dawn", "color_value": 0, "primary1": "fcfbf2", "shaded1": "aee5c4", "primary2": "d4f8d0", "shaded2": "7ddbcf", "line": "7d7300", "partColorShift": "0000000"},
      {"index": 34, "key": "dawn-01", "skin": 0, "class": "dawn", "color_value": 1, "primary1": "594026", "shaded1": "452e1f", "primary2": "fede29", "shaded2": "e88e00", "line": "702f00", "partColorShift": "0000000"},
      {"index": 35, "key": "dawn-02", "skin": 0, "class": "dawn", "color_value": 2, "primary1": "bbbaff", "shaded1": "ba96ff", "primary2": "eaf8ff", "shaded2": "a7b6ff", "line": "9933ff", "partColorShift": "0000000"},
      {"index": 36, "key": "dawn-03", "skin": 0, "class": "dawn", "color_value": 3, "primary1": "ffff8d", "shaded1": "ffd200", "primary2": "feffe3", "shaded2": "88e9d7", "line": "e66c00", "partColorShift": "0000000"},
      {"index": 37, "key": "dawn-04", "skin": 0, "class": "dawn", "color_value": 4, "primary1": "a5ffff", "shaded1": "f6baff", "primary2": "ffffff", "shaded2": "ffb2d9", "line": "a527ff", "partColorShift": "0000000"},
      {"index": 38, "key": "dusk-00", "skin": 0, "class": "dusk", "color_value": 0, "primary1": "f4fefb", "shaded1": "93ebd1", "primary2": "feffff", "shaded2": "a4e7e0", "line": "007c78", "partColorShift": "0000000"},
      {"index": 39, "key": "dusk-01", "skin": 0, "class": "dusk", "color_value": 1, "primary1": "1d4d4f", "shaded1": "1b3b47", "primary2": "d0fec0", "shaded2": "00dfc6", "line": "00445b", "partColorShift": "0000000"},
      {"index": 40, "key": "dusk-02", "skin": 0, "class": "dusk", "color_value": 2, "primary1": "0097a0", "shaded1": "006e95", "primary2": "abffac", "shaded2": "00e180", "line": "0099bc", "partColorShift": "0000000"},
      {"index": 41, "key": "dusk-03", "skin": 0, "class": "dusk", "color_value": 3, "primary1": "007181", "shaded1": "005372", "primary2": "62feda", "shaded2": "00dabb", "line": "006e99", "partColorShift": "0000000"},
      {"index": 42, "key": "dusk-04", "skin": 0, "class": "dusk", "color_value": 4, "primary1": "00aeb7", "shaded1": "0081a5", "primary2": "a4ffcb", "shaded2": "00dfa6", "line": "009be5", "partColorShift": "0000000"},
      {"index": 43, "key": "mech-00", "skin": 0, "class": "mech", "color_value": 0, "primary1": "f6fbff", "shaded1": "c6cfcf", "primary2": "929292", "shaded2": "5f5f5f", "line": "838383", "partColorShift": "0000000"},
      {"index": 44, "key": "mech-01", "skin": 0, "class": "mech", "color_value": 1, "primary1": "505050", "shaded1": "434343", "primary2": "e5e5e5", "shaded2": "a6a6a6", "line": "474747", "partColorShift": "0000000"},
      {"index": 45, "key": "mech-02", "skin": 0, "class": "mech", "color_value": 2, "primary1": "ced5d7", "shaded1": "97aeb0", "primary2": "f1fdf0", "shaded2": "9bcfca", "line": "008eb0", "partColorShift": "0000000"},
      {"index": 46, "key": "mech-03", "skin": 0, "class": "mech", "color_value": 3, "primary1": "ad6d3f", "shaded1": "994b3b", "primary2": "9ae6cb", "shaded2": "56a6cd", "line": "cb4800", "partColorShift": "0000000"},
      {"index": 47, "key": "mech-04", "skin": 0, "class": "mech", "color_value": 4, "primary1": "8c8e9e", "shaded1": "706a8c", "primary2": "ebe7de", "shaded2": "bda395", "line": "595fc2", "partColorShift": "0000000"},
      {"index": 48, "key": "body-frosty", "skin": 1, "class": "any", "color_value": -1, "primary1": "f3fefe", "shaded1": "6acad7", "primary2": "f3fefe", "shaded2": "6acad7", "line": "0097d2", "partColorShift": "0000000"},
      {"index": 49, "key": "beast-summer", "skin": 2, "class": "beast", "color_value": -1, "primary1": "fe9701", "shaded1": "df5414", "primary2": "fff6ec", "shaded2": "dec8b7", "line": "ff8000", "partColorShift": "0000011"},
      {"index": 50, "key": "plant-summer", "skin": 2, "class": "plant", "color_value": -1, "primary1": "67e92f", "shaded1": "019d74", "primary2": "f6fff7", "shaded2": "bcd5cf", "line": "10dd00", "partColorShift": "0000011"},
      {"index": 51, "key": "aquatic-summer", "skin": 2, "class": "aquatic", "color_value": -1, "primary1": "00c5d0", "shaded1": "0081c2", "primary2": "f5fffd", "shaded2": "c2cedd", "line": "00d4f0", "partColorShift": "0000011"},
      {"index": 52, "key": "bug-summer", "skin": 2, "class": "bug", "color_value": -1, "primary1": "ff4363", "shaded1": "d20539", "primary2": "fffdff", "shaded2": "e5c1c8", "line": "de0000", "partColorShift": "0000011"},
      {"index": 53, "key": "bird-summer", "skin": 2, "class": "bird", "color_value": -1, "primary1": "ff78bb", "shaded1": "e63c8b", "primary2": "fffdff", "shaded2": "e4bfd8", "line": "e40086", "partColorShift": "0000011"},
      {"index": 54, "key": "reptile-summer", "skin": 2, "class": "reptile", "color_value": -1, "primary1": "e173ff", "shaded1": "a349f9", "primary2": "fefeff", "shaded2": "d9c1e7", "line": "8d24ff", "partColorShift": "0000011"},
      {"index": 55, "key": "dawn-summer", "skin": 2, "class": "dawn", "color_value": -1, "primary1": "ffda00", "shaded1": "fff527", "primary2": "f8fdea", "shaded2": "e5e4c6", "line": "e66c00", "partColorShift": "0000011"},
      {"index": 56, "key": "mech-summer", "skin": 2, "class": "mech", "color_value": -1, "primary1": "c7d7e9", "shaded1": "b0e4ff", "primary2": "fefeff", "shaded2": "dfe9ec", "line": "008eb0", "partColorShift": "0000011"},
      {"index": 57, "key": "dusk-summer", "skin": 2, "class": "dusk", "color_value": -1, "primary1": "474b84", "shaded1": "4e50dd", "primary2": "fefeff", "shaded2": "e4e6f2", "line": "006e99", "partColorShift": "0000011"}
    ],
    "bodies": [
      {"index": 0, "skin": 0, "bodyValue": 0, "mysticValue": 0, "bodyName": "body-normal"}, {"index": 1, "skin": 0, "bodyValue": 4, "mysticValue": 0, "bodyName": "body-normal"},
      {"index": 2, "skin": 0, "bodyValue": 5, "mysticValue": 0, "bodyName": "body-normal"}, {"index": 3, "skin": 0, "bodyValue": 6, "mysticValue": 0, "bodyName": "body-normal"},
      {"index": 4, "skin": 0, "bodyValue": 7, "mysticValue": 0, "bodyName": "body-normal"}, {"index": 5, "skin": 0, "bodyValue": 8, "mysticValue": 0, "bodyName": "body-normal"},
      {"index": 6, "skin": 0, "bodyValue": 9, "mysticValue": 0, "bodyName": "body-normal"}, {"index": 7, "skin": 0, "bodyValue": 10, "mysticValue": 0, "bodyName": "body-normal"},
      {"index": 8, "skin": 0, "bodyValue": 11, "mysticValue": 0, "bodyName": "body-normal"}, {"index": 9, "skin": 0, "bodyValue": 12, "mysticValue": 0, "bodyName": "body-normal"},
      {"index": 10, "skin": 0, "bodyValue": 13, "mysticValue": 0, "bodyName": "body-normal"}, {"index": 11, "skin": 0, "bodyValue": 14, "mysticValue": 0, "bodyName": "body-normal"},
      {"index": 12, "skin": 0, "bodyValue": 2, "mysticValue": 0, "bodyName": "body-fuzzy"}, {"index": 13, "skin": 0, "bodyValue": 15, "mysticValue": 0, "bodyName": "body-agamo"},
      {"index": 14, "skin": 0, "bodyValue": 1, "mysticValue": 0, "bodyName": "body-spiky"}, {"index": 15, "skin": 0, "bodyValue": 3, "mysticValue": 0, "bodyName": "body-curly"},
      {"index": 16, "skin": 0, "bodyValue": 257, "mysticValue": 0, "bodyName": "body-wetdog"}, {"index": 17, "skin": 0, "bodyValue": 256, "mysticValue": 0, "bodyName": "body-sumo"},
      {"index": 18, "skin": 0, "bodyValue": 384, "mysticValue": 0, "bodyName": "body-bigyak"}, {"index": 19, "skin": 0, "bodyValue": 0, "mysticValue": 1, "bodyName": "body-mystic-normal"},
      {"index": 20, "skin": 0, "bodyValue": 4, "mysticValue": 1, "bodyName": "body-mystic-normal"}, {"index": 21, "skin": 0, "bodyValue": 5, "mysticValue": 1, "bodyName": "body-mystic-normal"},
      {"index": 22, "skin": 0, "bodyValue": 6, "mysticValue": 1, "bodyName": "body-mystic-normal"}, {"index": 23, "skin": 0, "bodyValue": 7, "mysticValue": 1, "bodyName": "body-mystic-normal"},
      {"index": 24, "skin": 0, "bodyValue": 8, "mysticValue": 1, "bodyName": "body-mystic-normal"}, {"index": 25, "skin": 0, "bodyValue": 9, "mysticValue": 1, "bodyName": "body-mystic-normal"},
      {"index": 26, "skin": 0, "bodyValue": 10, "mysticValue": 1, "bodyName": "body-mystic-normal"}, {"index": 27, "skin": 0, "bodyValue": 11, "mysticValue": 1, "bodyName": "body-mystic-normal"},
      {"index": 28, "skin": 0, "bodyValue": 12, "mysticValue": 1, "bodyName": "body-mystic-normal"}, {"index": 29, "skin": 0, "bodyValue": 13, "mysticValue": 1, "bodyName": "body-mystic-normal"},
      {"index": 30, "skin": 0, "bodyValue": 14, "mysticValue": 1, "bodyName": "body-mystic-normal"}, {"index": 31, "skin": 0, "bodyValue": 15, "mysticValue": 0, "bodyName": "body-agamo"},
      {"index": 32, "skin": 0, "bodyValue": 2, "mysticValue": 1, "bodyName": "body-mystic-fuzzy"}, {"index": 33, "skin": 1, "bodyValue": -1, "mysticValue": -1, "bodyName": "body-frosty"},
      {"index": 34, "skin": 2, "bodyValue": -1, "mysticValue": -1, "bodyName": "body-summer"}
    ],
    "parts": [
      {"class": "beast", "partType": "eyes", "partValue": 2, "skins": ["beast-02", "beast-mystic-02", "", "", "", "", "", "", "", "", "", ""]},
      {"class": "beast", "partType": "eyes", "partValue": 4, "skins": ["beast-04", "", "", "", "xmas-01", "", "", "", "", "", "", ""]},
      {"class": "beast", "partType": "eyes", "partValue": 8, "skins": ["beast-08", "", "", "", "", "", "", "", "", "", "", ""]},
      {"class": "beast", "partType": "eyes", "partValue": 10, "skins": ["beast-10", "", "", "", "", "", "", "", "", "", "", ""]},
      {"class": "beast", "partType": "ears", "partValue": 2, "skins": ["beast-02", "beast-mystic-02", "", "", "", "", "summer-a", "", "", "summer-as", "", ""]},
      {"class": "beast", "partType": "ears", "partValue": 4, "skins": ["beast-04", "", "", "", "", "", "", "", "", "", "", ""]},
      {"class": "beast", "partType": "ears", "partValue": 6, "skins": ["beast-06", "", "", "", "xmas-01", "", "", "", "", "", "", ""]},
      {"class": "beast", "partType": "ears", "partValue": 8, "skins": ["beast-08", "", "", "", "", "", "", "", "", "", "", ""]},
      {"class": "beast", "partType": "ears", "partValue": 10, "skins": ["beast-10", "", "", "", "", "", "", "", "", "", "", ""]},
      {"class": "beast", "partType": "ears", "partValue": 12, "skins": ["beast-12", "", "", "", "", "", "", "", "", "", "", ""]},
      {"class": "beast", "partType": "back", "partValue": 2, "skins": ["beast-02", "beast-mystic-02", "", "", "", "", "", "", "", "", "", ""]},
      {"class": "beast", "partType": "back", "partValue": 4, "skins": ["beast-04", "", "", "", "", "", "", "", "", "", "", ""]},
      {"class": "beast", "partType": "back", "partValue": 6, "skins": ["beast-06", "", "", "", "", "", "", "", "", "", "", ""]},
      {"class": "beast", "partType": "back", "partValue": 8, "skins": ["beast-08", "", "", "japan-02", "", "", "", "", "", "", "", ""]},
      {"class": "beast", "partType": "back", "partValue": 10, "skins": ["beast-10", "", "", "", "", "", "", "", "", "", "", ""]},
      {"class": "beast", "partType": "back", "partValue": 12, "skins": ["beast-12", "", "", "", "", "", "summer-a", "", "", "summer-tc", "", ""]},
      {"class": "beast", "partType": "horn", "partValue": 2, "skins": ["beast-02", "beast-mystic-02", "", "", "", "", "", "", "", "", "", ""]},
      {"class": "beast", "partType": "horn", "partValue": 4, "skins": ["beast-04", "", "", "japan-03", "", "", "", "", "", "", "", ""]},
      {"class": "beast", "partType": "horn", "partValue": 6, "skins": ["beast-06", "", "", "", "", "", "", "", "", "", "", ""]},
      {"class": "beast", "partType": "horn", "partValue": 8, "skins": ["beast-08", "", "", "japan-02", "", "", "", "", "", "", "", ""]},
      {"class": "beast", "partType": "horn", "partValue": 10, "skins": ["beast-10", "", "", "", "", "", "", "", "", "", "", ""]},
      {"class": "beast", "partType": "horn", "partValue": 12, "skins": ["beast-12", "", "", "", "", "", "", "", "", "", "", ""]},
      {"class": "beast", "partType": "tail", "partValue": 2, "skins": ["beast-02", "beast-mystic-02", "", "", "", "", "summer-a", "", "", "summer-as", "", ""]},
      {"class": "beast", "partType": "tail", "partValue": 4, "skins": ["beast-04", "", "", "", "", "", "", "", "", "", "", ""]},
      {"class": "beast", "partType": "tail", "partValue": 6, "skins": ["beast-06", "", "", "", "", "", "", "", "", "", "", ""]},
      {"class": "beast", "partType": "tail", "partValue": 8, "skins": ["beast-08", "", "", "", "", "", "", "", "", "", "", ""]},
      {"class": "beast", "partType": "tail", "partValue": 10, "skins": ["beast-10", "", "", "", "", "", "", "", "", "", "", ""]},
      {"class": "beast", "partType": "tail", "partValue": 12, "skins": ["beast-12", "", "", "", "", "", "", "", "", "", "", ""]},
      {"class": "beast", "partType": "mouth", "partValue": 2, "skins": ["beast-02", "beast-mystic-02", "", "", "", "", "", "", "", "", "", ""]},
      {"class": "beast", "partType": "mouth", "partValue": 4, "skins": ["beast-04", "", "", "", "", "", "", "", "", "", "", ""]},
      {"class": "beast", "partType": "mouth", "partValue": 8, "skins": ["beast-08", "", "", "", "", "", "", "", "", "", "", ""]},
      {"class": "beast", "partType": "mouth", "partValue": 10, "skins": ["beast-10", "", "", "", "", "", "", "", "", "", "", ""]},
      {"class": "bug", "partType": "mouth", "partValue": 2, "skins": ["bug-02", "bug-mystic-02", "", "", "", "", "", "", "", "", "", ""]},
      {"class": "bug", "partType": "mouth", "partValue": 4, "skins": ["bug-04", "", "", "", "", "", "", "", "", "", "", ""]},
      {"class": "bug", "partType": "mouth", "partValue": 8, "skins": ["bug-08", "", "", "japan-03", "", "", "", "", "", "", "", ""]},
      {"class": "bug", "partType": "mouth", "partValue": 10, "skins": ["bug-10", "", "", "", "", "", "", "", "", "", "", ""]},
      {"class": "bug", "partType": "horn", "partValue": 2, "skins": ["bug-02", "bug-mystic-02", "", "", "", "", "", "", "", "", "", ""]},
      {"class": "bug", "partType": "horn", "partValue": 4, "skins": ["bug-04", "", "", "", "", "", "", "", "", "", "", ""]},
      {"class": "bug", "partType": "horn", "partValue": 6, "skins": ["bug-06", "", "", "", "", "", "", "", "", "", "", ""]},
      {"class": "bug", "partType": "horn", "partValue": 8, "skins": ["bug-08", "", "", "", "", "", "", "", "", "", "", ""]},
      {"class": "bug", "partType": "horn", "partValue": 10, "skins": ["bug-10", "", "agamo-01", "", "", "", "", "", "", "", "", ""]},
      {"class": "bug", "partType": "horn", "partValue": 12, "skins": ["bug-12", "", "", "", "", "", "", "", "", "", "", ""]},
      {"class": "bug", "partType": "tail", "partValue": 2, "skins": ["bug-02", "bug-mystic-02", "", "", "", "", "", "", "", "", "", ""]},
      {"class": "bug", "partType": "tail", "partValue": 4, "skins": ["bug-04", "", "", "", "", "", "", "", "", "", "", ""]},
      {"class": "bug", "partType": "tail", "partValue": 6, "skins": ["bug-06", "", "", "japan-01", "", "", "", "", "", "", "", ""]},
      {"class": "bug", "partType": "tail", "partValue": 8, "skins": ["bug-08", "", "", "", "", "", "", "", "", "", "", ""]},
      {"class": "bug", "partType": "tail", "partValue": 10, "skins": ["bug-10", "", "", "", "", "", "", "", "", "", "", ""]},
      {"class": "bug", "partType": "tail", "partValue": 12, "skins": ["bug-12", "", "", "", "", "", "", "", "", "", "", ""]},
      {"class": "bug", "partType": "back", "partValue": 2, "skins": ["bug-02", "bug-mystic-02", "", "", "", "", "", "", "", "", "", ""]},
      {"class": "bug", "partType": "back", "partValue": 4, "skins": ["bug-04", "", "", "", "xmas-01", "", "", "", "", "", "", ""]},
      {"class": "bug", "partType": "back", "partValue": 6, "skins": ["bug-06", "", "", "", "", "", "", "", "", "", "", ""]},
      {"class": "bug", "partType": "back", "partValue": 8, "skins": ["bug-08", "", "", "", "", "", "", "", "", "", "", ""]},
      {"class": "bug", "partType": "back", "partValue": 10, "skins": ["bug-10", "", "", "", "", "", "", "", "", "", "", ""]},
      {"class": "bug", "partType": "back", "partValue": 12, "skins": ["bug-12", "", "", "", "", "", "", "", "", "", "", ""]},
      {"class": "bug", "partType": "ears", "partValue": 2, "skins": ["bug-02", "bug-mystic-02", "", "", "", "", "", "", "", "", "", ""]},
      {"class": "bug", "partType": "ears", "partValue": 4, "skins": ["bug-04", "", "", "", "", "", "", "", "", "", "", ""]},
      {"class": "bug", "partType": "ears", "partValue": 6, "skins": ["bug-06", "", "", "", "", "", "", "", "", "", "", ""]},
      {"class": "bug", "partType": "ears", "partValue": 8, "skins": ["bug-08", "", "", "", "", "", "", "", "", "", "", ""]},
      {"class": "bug", "partType": "ears", "partValue": 10, "skins": ["bug-10", "", "", "", "", "", "", "", "", "", "", ""]},
      {"class": "bug", "partType": "ears", "partValue": 12, "skins": ["bug-12", "", "", "japan-03", "", "", "", "", "", "", "", ""]},
      {"class": "bug", "partType": "eyes", "partValue": 2, "skins": ["bug-02", "bug-mystic-02", "", "", "", "", "", "", "", "", "", ""]},
      {"class": "bug", "partType": "eyes", "partValue": 4, "skins": ["bug-04", "", "", "", "", "", "summer-a", "", "", "summer-as", "", ""]},
      {"class": "bug", "partType": "eyes", "partValue": 8, "skins": ["bug-08", "", "", "", "", "", "", "", "", "", "", ""]},
      {"class": "bug", "partType": "eyes", "partValue": 10, "skins": ["bug-10", "", "", "", "", "", "", "", "", "", "", ""]},
      {"class": "aquatic", "partType": "eyes", "partValue": 2, "skins": ["aquatic-02", "aquatic-mystic-02", "", "japan-02", "", "", "", "", "", "", "", ""]},
      {"class": "aquatic", "partType": "eyes", "partValue": 4, "skins": ["aquatic-04", "", "", "", "", "", "", "", "", "", "", ""]},
      {"class": "aquatic", "partType": "eyes", "partValue": 8, "skins": ["aquatic-08", "", "", "", "", "", "", "", "", "", "", ""]},
      {"class": "aquatic", "partType": "eyes", "partValue": 10, "skins": ["aquatic-10", "", "", "", "", "", "", "", "", "", "", ""]},
      {"class": "aquatic", "partType": "mouth", "partValue": 2, "skins": ["aquatic-02", "aquatic-mystic-02", "", "", "", "", "", "", "", "", "", ""]},
      {"class": "aquatic", "partType": "mouth", "partValue": 4, "skins": ["aquatic-04", "", "", "", "", "", "", "", "", "", "", ""]},
      {"class": "aquatic", "partType": "mouth", "partValue": 8, "skins": ["aquatic-08", "", "", "", "", "", "summer-a", "", "", "summer-as", "", ""]},
      {"class": "aquatic", "partType": "mouth", "partValue": 10, "skins": ["aquatic-10", "", "", "japan-01", "", "", "", "", "", "", "", ""]},
      {"class": "aquatic", "partType": "horn", "partValue": 2, "skins": ["aquatic-02", "aquatic-mystic-02", "", "", "", "", "", "", "", "", "", ""]},
      {"class": "aquatic", "partType": "horn", "partValue": 4, "skins": ["aquatic-04", "", "", "", "", "", "", "", "", "", "", ""]},
      {"class": "aquatic", "partType": "horn", "partValue": 6, "skins": ["aquatic-06", "", "", "", "", "", "", "", "", "", "", ""]},
      {"class": "aquatic", "partType": "horn", "partValue": 8, "skins": ["aquatic-08", "", "", "", "", "", "", "", "", "", "", ""]},
      {"class": "aquatic", "partType": "horn", "partValue": 10, "skins": ["aquatic-10", "", "", "", "", "", "", "", "", "", "", ""]},
      {"class": "aquatic", "partType": "horn", "partValue": 12, "skins": ["aquatic-12", "", "agamo-00", "", "", "", "", "", "", "", "", ""]},
      {"class": "aquatic", "partType": "ears", "partValue": 2, "skins": ["aquatic-02", "aquatic-mystic-02", "", "", "", "", "", "", "", "", "", ""]},
      {"class": "aquatic", "partType": "ears", "partValue": 4, "skins": ["aquatic-04", "", "", "", "", "", "", "", "", "", "", ""]},
      {"class": "aquatic", "partType": "ears", "partValue": 6, "skins": ["aquatic-06", "", "", "", "", "", "", "", "", "", "", ""]},
      {"class": "aquatic", "partType": "ears", "partValue": 8, "skins": ["aquatic-08", "", "", "", "", "", "", "", "", "", "", ""]},
      {"class": "aquatic", "partType": "ears", "partValue": 10, "skins": ["aquatic-10", "", "", "", "", "", "", "", "", "", "", ""]},
      {"class": "aquatic", "partType": "ears", "partValue": 12, "skins": ["aquatic-12", "", "", "", "", "", "", "", "", "", "", ""]},
      {"class": "aquatic", "partType": "tail", "partValue": 2, "skins": ["aquatic-02", "aquatic-mystic-02", "", "japan-02", "", "", "", "", "", "", "", ""]},
      {"class": "aquatic", "partType": "tail", "partValue": 4, "skins": ["aquatic-04", "", "", "", "", "", "", "", "", "", "", ""]},
      {"class": "aquatic", "partType": "tail", "partValue": 6, "skins": ["aquatic-06", "", "", "", "", "", "", "", "", "", "", ""]},
      {"class": "aquatic", "partType": "tail", "partValue": 8, "skins": ["aquatic-08", "", "", "", "", "", "", "", "", "", "", ""]},
      {"class": "aquatic", "partType": "tail", "partValue": 10, "skins": ["aquatic-10", "", "", "", "", "", "", "", "", "", "", ""]},
      {"class": "aquatic", "partType": "tail", "partValue": 12, "skins": ["aquatic-12", "", "", "", "", "", "", "", "", "", "", ""]},
      {"class": "aquatic", "partType": "back", "partValue": 2, "skins": ["aquatic-02", "aquatic-mystic-02", "", "", "", "", "", "", "", "", "", ""]},
      {"class": "aquatic", "partType": "back", "partValue": 4, "skins": ["aquatic-04", "", "", "", "", "", "", "", "", "", "", ""]},
      {"class": "aquatic", "partType": "back", "partValue": 6, "skins": ["aquatic-06", "", "", "", "", "", "", "", "", "", "", ""]},
      {"class": "aquatic", "partType": "back", "partValue": 8, "skins": ["aquatic-08", "", "", "", "", "", "", "", "", "", "", ""]},
      {"class": "aquatic", "partType": "back", "partValue": 10, "skins": ["aquatic-10", "", "", "", "", "", "", "", "", "", "", ""]},
      {"class": "aquatic", "partType": "back", "partValue": 12, "skins": ["aquatic-12", "", "", "", "", "", "", "", "", "", "", ""]},
      {"class": "bird", "partType": "ears", "partValue": 2, "skins": ["bird-02", "bird-mystic-02", "", "", "", "", "", "", "", "", "", ""]},
      {"class": "bird", "partType": "ears", "partValue": 4, "skins": ["bird-04", "", "", "", "", "", "", "", "", "", "", ""]},
      {"class": "bird", "partType": "ears", "partValue": 6, "skins": ["bird-06", "", "", "", "", "", "", "", "", "", "", ""]},
      {"class": "bird", "partType": "ears", "partValue": 8, "skins": ["bird-08", "", "", "", "", "", "", "", "", "", "", ""]},
      {"class": "bird", "partType": "ears", "partValue": 10, "skins": ["bird-10", "", "", "", "", "", "", "", "", "", "", ""]},
      {"class": "bird", "partType": "ears", "partValue": 12, "skins": ["bird-12", "", "", "japan-02", "", "", "", "", "", "", "", ""]},
      {"class": "bird", "partType": "tail", "partValue": 2, "skins": ["bird-02", "bird-mystic-02", "", "", "", "", "", "", "", "", "", ""]},
      {"class": "bird", "partType": "tail", "partValue": 4, "skins": ["bird-04", "", "", "", "", "", "", "", "", "", "", ""]},
      {"class": "bird", "partType": "tail", "partValue": 6, "skins": ["bird-06", "", "", "", "", "", "", "", "", "", "", ""]},
      {"class": "bird", "partType": "tail", "partValue": 8, "skins": ["bird-08", "", "", "", "", "", "", "", "", "", "", ""]},
      {"class": "bird", "partType": "tail", "partValue": 10, "skins": ["bird-10", "", "", "japan-03", "", "", "", "", "", "", "", ""]},
      {"class": "bird", "partType": "tail", "partValue": 12, "skins": ["bird-12", "", "", "", "", "", "", "", "", "", "", ""]},
      {"class": "bird", "partType": "back", "partValue": 2, "skins": ["bird-02", "bird-mystic-02", "", "", "", "", "", "", "", "", "", ""]},
      {"class": "bird", "partType": "back", "partValue": 4, "skins": ["bird-04", "", "", "japan-01", "", "", "", "", "", "", "", ""]},
      {"class": "bird", "partType": "back", "partValue": 6, "skins": ["bird-06", "", "", "", "", "", "", "", "", "", "", ""]},
      {"class": "bird", "partType": "back", "partValue": 8, "skins": ["bird-08", "", "", "", "", "", "", "", "", "", "", ""]},
      {"class": "bird", "partType": "back", "partValue": 10, "skins": ["bird-10", "", "", "", "", "", "", "", "", "", "", ""]},
      {"class": "bird", "partType": "back", "partValue": 12, "skins": ["bird-12", "", "", "", "", "", "", "", "", "", "", ""]},
      {"class": "bird", "partType": "horn", "partValue": 2, "skins": ["bird-02", "bird-mystic-02", "", "", "", "", "", "", "", "", "", ""]},
      {"class": "bird", "partType": "horn", "partValue": 4, "skins": ["bird-04", "", "", "", "", "", "", "", "", "", "", ""]},
      {"class": "bird", "partType": "horn", "partValue": 6, "skins": ["bird-06", "", "", "", "", "", "", "", "", "", "", ""]},
      {"class": "bird", "partType": "horn", "partValue": 8, "skins": ["bird-08", "", "", "", "", "", "", "", "", "", "", ""]},
      {"class": "bird", "partType": "horn", "partValue": 10, "skins": ["bird-10", "", "", "", "", "", "", "", "", "", "", ""]},
      {"class": "bird", "partType": "horn", "partValue": 12, "skins": ["bird-12", "", "", "", "xmas-01", "", "", "", "", "", "", ""]},
      {"class": "bird", "partType": "mouth", "partValue": 2, "skins": ["bird-02", "bird-mystic-02", "", "", "", "", "", "", "", "", "", ""]},
      {"class": "bird", "partType": "mouth", "partValue": 4, "skins": ["bird-04", "", "", "", "", "", "", "", "", "", "", ""]},
      {"class": "bird", "partType": "mouth", "partValue": 8, "skins": ["bird-08", "", "", "", "", "", "", "", "", "", "", ""]},
      {"class": "bird", "partType": "mouth", "partValue": 10, "skins": ["bird-10", "", "", "", "", "", "", "", "", "", "", ""]},
      {"class": "bird", "partType": "eyes", "partValue": 2, "skins": ["bird-02", "bird-mystic-02", "", "", "", "", "", "", "", "", "", ""]},
      {"class": "bird", "partType": "eyes", "partValue": 4, "skins": ["bird-04", "", "", "", "", "xmas-02", "", "", "", "", "", ""]},
      {"class": "bird", "partType": "eyes", "partValue": 8, "skins": ["bird-08", "", "", "", "", "", "", "", "", "", "", ""]},
      {"class": "bird", "partType": "eyes", "partValue": 10, "skins": ["bird-10", "", "", "", "", "", "", "", "", "", "", ""]},
      {"class": "reptile", "partType": "eyes", "partValue": 2, "skins": ["reptile-02", "reptile-mystic-02", "", "", "", "", "", "", "", "", "", ""]},
      {"class": "reptile", "partType": "eyes", "partValue": 4, "skins": ["reptile-04", "", "", "", "", "", "", "", "", "", "", ""]},
      {"class": "reptile", "partType": "eyes", "partValue": 8, "skins": ["reptile-08", "", "", "japan-03", "", "", "", "", "", "", "", ""]},
      {"class": "reptile", "partType": "eyes", "partValue": 10, "skins": ["reptile-10", "", "", "japan-01", "", "", "", "", "", "", "", ""]},
      {"class": "reptile", "partType": "mouth", "partValue": 2, "skins": ["reptile-02", "reptile-mystic-02", "", "", "", "", "", "", "", "", "", ""]},
      {"class": "reptile", "partType": "mouth", "partValue": 4, "skins": ["reptile-04", "", "", "", "", "", "", "", "", "", "", ""]},
      {"class": "reptile", "partType": "mouth", "partValue": 8, "skins": ["reptile-08", "", "", "", "", "", "", "", "", "", "", ""]},
      {"class": "reptile", "partType": "mouth", "partValue": 10, "skins": ["reptile-10", "", "", "japan-02", "", "xmas-02", "", "", "", "", "", ""]},
      {"class": "reptile", "partType": "ears", "partValue": 2, "skins": ["reptile-02", "reptile-mystic-02", "", "", "", "", "", "", "", "", "", ""]},
      {"class": "reptile", "partType": "ears", "partValue": 4, "skins": ["reptile-04", "", "", "", "", "", "", "", "", "", "", ""]},
      {"class": "reptile", "partType": "ears", "partValue": 6, "skins": ["reptile-06", "", "", "", "", "", "", "", "", "", "", ""]},
      {"class": "reptile", "partType": "ears", "partValue": 8, "skins": ["reptile-08", "", "", "", "", "", "", "", "", "", "", ""]},
      {"class": "reptile", "partType": "ears", "partValue": 10, "skins": ["reptile-10", "", "", "", "", "", "", "", "", "", "", ""]},
      {"class": "reptile", "partType": "ears", "partValue": 12, "skins": ["reptile-12", "", "", "", "", "", "", "", "", "", "", ""]},
      {"class": "reptile", "partType": "back", "partValue": 2, "skins": ["reptile-02", "reptile-mystic-02", "", "", "", "", "", "", "", "", "", ""]},
      {"class": "reptile", "partType": "back", "partValue": 4, "skins": ["reptile-04", "", "", "", "", "", "", "", "", "", "", ""]},
      {"class": "reptile", "partType": "back", "partValue": 6, "skins": ["reptile-06", "", "", "", "", "", "", "", "", "", "", ""]},
      {"class": "reptile", "partType": "back", "partValue": 8, "skins": ["reptile-08", "", "agamo-00", "", "", "xmas-02", "", "", "", "", "", ""]},
      {"class": "reptile", "partType": "back", "partValue": 10, "skins": ["reptile-10", "", "", "", "", "", "summer-ta", "", "", "summer-as", "", ""]},
      {"class": "reptile", "partType": "back", "partValue": 12, "skins": ["reptile-12", "", "", "", "", "", "", "", "", "", "", ""]},
      {"class": "reptile", "partType": "tail", "partValue": 2, "skins": ["reptile-02", "reptile-mystic-02", "", "", "", "", "", "", "", "", "", ""]},
      {"class": "reptile", "partType": "tail", "partValue": 4, "skins": ["reptile-04", "", "", "", "", "", "", "", "", "", "", ""]},
      {"class": "reptile", "partType": "tail", "partValue": 6, "skins": ["reptile-06", "", "", "", "", "xmas-02", "", "", "", "", "", ""]},
      {"class": "reptile", "partType": "tail", "partValue": 8, "skins": ["reptile-08", "", "", "", "xmas-01", "", "", "", "", "", "", ""]},
      {"class": "reptile", "partType": "tail", "partValue": 10, "skins": ["reptile-10", "", "", "", "", "", "", "", "", "", "", ""]},
      {"class": "reptile", "partType": "tail", "partValue": 12, "skins": ["reptile-12", "", "", "", "", "", "", "", "", "", "", ""]},
      {"class": "reptile", "partType": "horn", "partValue": 2, "skins": ["reptile-02", "reptile-mystic-02", "", "", "", "", "summer-tc", "summer-a", "summer-td", "summer-ta", "summer-as", "summer-tb"]},
      {"class": "reptile", "partType": "horn", "partValue": 4, "skins": ["reptile-04", "", "", "", "", "", "", "", "", "", "", ""]},
      {"class": "reptile", "partType": "horn", "partValue": 6, "skins": ["reptile-06", "", "", "", "", "", "", "", "", "", "", ""]},
      {"class": "reptile", "partType": "horn", "partValue": 8, "skins": ["reptile-08", "", "", "", "", "", "", "", "", "", "", ""]},
      {"class": "reptile", "partType": "horn", "partValue": 10, "skins": ["reptile-10", "", "", "", "", "", "", "", "", "", "", ""]},
      {"class": "reptile", "partType": "horn", "partValue": 12, "skins": ["reptile-12", "", "", "", "", "", "", "", "", "", "", ""]},
      {"class": "plant", "partType": "tail", "partValue": 2, "skins": ["plant-02", "plant-mystic-02", "", "", "", "", "", "", "", "", "", ""]},
      {"class": "plant", "partType": "tail", "partValue": 4, "skins": ["plant-04", "", "", "", "", "", "", "", "", "", "", ""]},
      {"class": "plant", "partType": "tail", "partValue": 6, "skins": ["plant-06", "", "", "", "", "", "", "", "", "", "", ""]},
      {"class": "plant", "partType": "tail", "partValue": 8, "skins": ["plant-08", "", "", "", "", "", "", "", "", "", "", ""]},
      {"class": "plant", "partType": "tail", "partValue": 10, "skins": ["plant-10", "", "", "", "", "", "", "", "", "", "", ""]},
      {"class": "plant", "partType": "tail", "partValue": 12, "skins": ["plant-12", "", "", "", "", "", "", "", "", "", "", ""]},
      {"class": "plant", "partType": "mouth", "partValue": 2, "skins": ["plant-02", "plant-mystic-02", "", "", "", "", "", "", "", "", "", ""]},
      {"class": "plant", "partType": "mouth", "partValue": 4, "skins": ["plant-04", "", "", "", "xmas-01", "", "", "", "", "", "", ""]},
      {"class": "plant", "partType": "mouth", "partValue": 8, "skins": ["plant-08", "", "", "", "", "", "", "", "", "", "", ""]},
      {"class": "plant", "partType": "mouth", "partValue": 10, "skins": ["plant-10", "", "", "", "", "", "", "", "", "", "", ""]},
      {"class": "plant", "partType": "eyes", "partValue": 2, "skins": ["plant-02", "plant-mystic-02", "", "", "", "", "", "", "", "", "", ""]},
      {"class": "plant", "partType": "eyes", "partValue": 4, "skins": ["plant-04", "", "", "", "", "", "", "", "", "", "", ""]},
      {"class": "plant", "partType": "eyes", "partValue": 8, "skins": ["plant-08", "", "", "", "", "", "", "", "", "", "", ""]},
      {"class": "plant", "partType": "eyes", "partValue": 10, "skins": ["plant-10", "", "", "", "", "", "", "", "", "", "", ""]},
      {"class": "plant", "partType": "ears", "partValue": 2, "skins": ["plant-02", "plant-mystic-02", "", "", "", "", "", "", "", "", "", ""]},
      {"class": "plant", "partType": "ears", "partValue": 4, "skins": ["plant-04", "", "", "", "", "", "", "", "", "", "", ""]},
      {"class": "plant", "partType": "ears", "partValue": 6, "skins": ["plant-06", "", "", "", "", "", "", "", "", "", "", ""]},
      {"class": "plant", "partType": "ears", "partValue": 8, "skins": ["plant-08", "", "", "japan-01", "", "", "", "", "", "", "", ""]},
      {"class": "plant", "partType": "ears", "partValue": 10, "skins": ["plant-10", "", "", "", "", "xmas-02", "", "", "", "", "", ""]},
      {"class": "plant", "partType": "ears", "partValue": 12, "skins": ["plant-12", "", "", "", "", "", "", "", "", "", "", ""]},
      {"class": "plant", "partType": "back", "partValue": 2, "skins": ["plant-02", "plant-mystic-02", "", "", "", "", "", "", "", "", "", ""]},
      {"class": "plant", "partType": "back", "partValue": 4, "skins": ["plant-04", "", "", "japan-03", "", "", "", "", "", "", "", ""]},
      {"class": "plant", "partType": "back", "partValue": 6, "skins": ["plant-06", "", "", "", "", "", "", "", "", "", "", ""]},
      {"class": "plant", "partType": "back", "partValue": 8, "skins": ["plant-08", "", "", "", "", "", "", "", "", "", "", ""]},
      {"class": "plant", "partType": "back", "partValue": 10, "skins": ["plant-10", "", "", "", "", "", "", "", "", "", "", ""]},
      {"class": "plant", "partType": "back", "partValue": 12, "skins": ["plant-12", "", "", "", "", "", "", "", "", "", "", ""]},
      {"class": "plant", "partType": "horn", "partValue": 2, "skins": ["plant-02", "plant-mystic-02", "", "", "", "", "", "", "", "", "", ""]},
      {"class": "plant", "partType": "horn", "partValue": 4, "skins": ["plant-04", "", "", "japan-01", "", "", "", "", "", "", "", ""]},
      {"class": "plant", "partType": "horn", "partValue": 6, "skins": ["plant-06", "", "", "", "", "", "", "", "", "", "", ""]},
      {"class": "plant", "partType": "horn", "partValue": 8, "skins": ["plant-08", "", "", "", "", "", "", "", "", "", "", ""]},
      {"class": "plant", "partType": "horn", "partValue": 10, "skins": ["plant-10", "", "", "", "", "xmas-02", "", "", "", "", "", ""]},
      {"class": "plant", "partType": "horn", "partValue": 12, "skins": ["plant-12", "", "", "", "", "", "", "", "", "", "", ""]}
    ]
  }
}